start_time,title_card_time,comment,D
2:05,2:40,,A=Start Time
2:05,2:52,,B=Title Card Time
,3:05,,A will be listed if start time differs from title card time
,4:10,,"1-80 have Title Card times only, actual start times are unknown for them"
,2:37,,table from https://www.reddit.com/r/OnePiece/comments/sixbxe/one_piece_start_and_title_card_times_if_you_guys/
,3:43,
,2:50,
,2:28,
,3:00,
,3:12,
,3:54,
,2:42,
,3:30,
,2:50,
,3:15,
,3:52,
,2:30,
,4:23,
,3:04,
,3:00,
,2:51,
,2:54,
,3:32,
,2:22,
,2:38,
,2:05,
,3:15,
,3:42,
,3:55,
,4:15,
,2:05,
,2:05,
,2:32,
,3:05,
,3:13,
,2:51,
,3:22,
,2:43,
,3:24,
,3:13,
,4:26,
,2:55,
,3:50,
,3:11,
,4:05,
,5:48,
,2:52,
,3:03,
,3:35,
,2:50,
,2:49,
,3:05,
,3:10,
,2:45,
,5:38,
,3:08,
,2:45,
,3:38,
,3:11,
,2:40,
,3:50,
,3:32,
,2:13,
,2:10,
,3:45,
,3:22,
,2:28,
,4:25,
,2:12,
,2:05,
,2:47,
,2:05,
,3:00,
,3:30,
,3:30,
,5:35,
,2:40,
,2:30,
,3:07,
,3:27,
,2:55,
,3:32,
,2:25,
,2:33,
,2:05,
2:05,2:57,
2:39,3:32,
3:18,2:22,
,2:38,
,2:05,
2:05,2:13,
,2:05,
2:05,2:45,
,2:55,
,2:45,
,2:46,
,2:43,
,2:37,
,2:27,
,2:37,
,2:38,
,2:36,
,2:45,
,2:43,
,3:05,
,3:07,
,2:41,
,3:05,
3:05,3:28,
,2:47,
,2:57,
,4:05,
,3:12,
,3:17,
,3:10,
2:53,3:07,
,3:02,
,2:52,
,4:40,
,2:50,
,3:47,
,3:07,
4:05,3:20,
,3:15,
,3:31,
,3:40,
,3:05,
,2:05,
,2:22,
,2:48,
,2:05,
2:05,4:24,
2:05,2:25,
2:05,3:32,
,2:05,
,2:14,
,2:14,
,2:33,
2:05,4:57,
,2:55,
2:05,3:45,
2:05,3:10,
,2:05,
,2:38,
,2:43,
2:05,3:45,
,2:55,
,2:57,
,2:05,
,3:28,
2:20,3:02,
,3:04,
,2:45,
2:05,3:02,
,3:45,
,3:14,
,3:09,
,2:56,
,3:51,
,3:05,
,3:27,
,3:10,
,3:43,
,3:00,
,3:53,
,3:08,
,3:32,
,3:27,
,3:32,
,4:50,
,3:22,
,3:21,
,3:48,
,2:57,
,3:02,
,4:10,
,2:55,
,2:50,
,3:28,
,2:42,
2:48,4:18,
,3:26,
,4:05,
3:55,4:16,
,3:35,
4:20,3:29,
3:30,5:30,
2:05,2:45,
2:05,2:53,
,3:52,
,3:06,
,4:25,
,3:45,
,2:54,
2:05,2:59,
2:05,5:07,
,2:05,
,2:45,
,2:30,
,2:31,
2:05,2:24,
,2:58,
,2:40,
,2:05,
2:05,3:01,
,2:05,
2:05,2:22,
,2:50,
,2:05,
,2:25,
,2:46,
,3:30,
,3:46,
,3:06,
2:15,4:13,
,2:46,
,2:29,
,3:48,
,2:46,
2:05,4:36,
,3:04,
,2:05,
,2:56,
2:50,3:04,
2:05,3:10,
,2:43,
,3:10,
,3:24,
,3:20,
,3:26,
,4:03,
,2:36,
,3:07,
,3:33,
,3:00,
7:00,5:45,
2:05,3:40,
,2:49,
,5:02,
,4:24,
2:27,4:55,
1:45,5:12,
1:45,6:19,
3:10,5:20,
1:55,4:36,
1:40,4:15,
1:50,7:38,
0:35,4:39,
0:40,3:23,
1:50,5:53,
3:20,5:15,
2:24,6:24,
1:25,3:35,
2:30,5:23,
1:30,5:30,
,4:22,
2:21,5:25,
3:30,6:47,
2:30,6:24,
1:25,5:08,
2:15,5:20,
3:20,6:48,
1:10,4:05,
2:50,5:15,
6:15,9:13,
,5:18,
2:22,5:14,
2:50,6:37,
4:35,5:23,
,6:26,
2:35,4:53,
,6:48,
,5:53,
1:05,6:12,
0:25,6:20,
0:15,6:12,
0:15,2:37,
0:25,4:15,
4:25,6:50,Mostly recap
,3:01,Mostly recap
,3:08,Mostly recap
,2:56,Mostly recap
,3:35,Mostly recap
,8:21,
,7:11,
,5:51,
,4:53,
5:38,6:35,
,6:32,
6:20,7:57,
,2:52,Filler
,2:52,Filler
4:10,4:21,
,6:50,
,6:24,
,6:45,
,5:36,
,7:38,
,6:06,
,5:11,
,4:20,
,5:50,
,2:54,Filler
,6:21,
,5:18,
,6:04,
,6:33,
,6:36,
,5:30,
,5:41,
,5:11,
,4:15,
5:30,5:50,
,5:15,
4:10,5:00,
4:00,7:03,
,3:59,
3:30,4:45,
3:30,6:49,
,4:02,
6:25,7:35,
,3:43,
,4:30,
,4:02,
4:25,5:48,
5:29,6:36,
,4:08,
,3:58,
,4:44,
,4:48,
5:04,6:00,
,3:45,
,3:45,
,5:10,
,3:36,
,2:58,Filler
3:20,5:03,
,4:48,
,5:56,
,3:56,
,4:33,
,5:16,
,5:03,
,5:50,
,6:32,
,5:58,
,6:18,
,5:43,
,6:04,
,4:36,
,6:13,
,5:41,
,3:56,
,6:36,Mostly recap
,5:32,
,5:38,
,4:16,
,4:27,
,5:21,
,5:31,
,4:27,
,5:29,
,4:39,
,7:00,
,5:43,
,4:57,
,5:00,
,5:08,
,4:48,
,4:34,
,5:51,
,4:28,
,4:45,
,7:03,
,3:54,
,5:33,
,5:42,
,3:52,
,4:52,
,4:00,
,4:20,
2:52,5:26,Filler
,3:58,Filler
3:28,4:59,
3:28,5:03,
,4:39,
,5:15,
,4:15,
,4:00,
,4:10,
,5:20,
,4:47,
,4:03,
,3:55,
,3:49,
,4:10,
,5:54,
,4:42,
,6:04,
,4:02,
,4:33,
,6:38,
,6:12,
,5:50,
,4:10,
,2:53,Filler
,4:35,Filler
,5:34,
,5:23,
,3:55,
,4:59,
,4:32,
,5:52,
,7:10,
,4:27,
,3:06,
,4:45,
,3:53,
,3:53,
,4:13,
,5:07,
,4:25,
,6:09,
,4:12,
,4:07,
3:37,4:32,Filler/movie
,4:30,Filler/movie
,4:27,Filler/movie
,5:03,Filler/movie
,5:17,
,4:40,
,4:52,
,4:17,
,5:02,
,4:34,
,6:15,
,4:27,
,4:45,
,4:47,
,4:01,
,4:10,
,5:07,
,5:34,
,4:20,
,5:26,
,4:00,
,5:44,
,6:22,
,4:48,
,5:08,
,5:12,
,5:03,
,5:08,
,4:02,
,5:07,
,3:51,
,3:52,Recap
,4:48,Recap
,3:54,
,4:49,
,4:37,
,5:07,
,4:55,
,5:30,
,4:20,
,4:30,
,7:09,
,4:08,
,5:46,
,4:18,
,4:14,
,5:05,
,5:52,
,4:37,
,6:30,
,6:04,
,5:39,
,5:42,
,5:09,
,5:17,
,5:08,
,4:22,
,3:51,
,4:53,
,2:46,
,4:33,
,4:09,
,6:04,
,4:31,
,4:23,
,4:02,
3:22,3:47,Toriko combo
,4:22,Backstory
,4:34,Backstory
,4:00,Backstory
,3:50,Backstory
,4:04,Backstory
,5:04,Backstory
,4:07,Backstory
,3:54,Backstory
,4:42,Backstory
,3:58,Backstory
,3:55,Backstory
,3:56,Backstory
4:11,4:27,
,4:51,
,3:50,
,3:54,
,4:00,
,4:04,
,4:12,
,3:49,
,4:41,
,3:47,
,4:50,
,4:36,
5:26,6:28,
,4:52,
,3:04,
,4:02,
,4:25,
,4:40,
,4:11,
,4:24,
,4:37,
,4:21,
,4:51,
,6:10,
,4:15,
,3:52,
,3:35,
,4:42,
,4:53,
,3:43,
,3:34,
,5:24,
,5:10,
,5:10,
,4:25,
,4:20,
,4:10,
2:46,3:26,Toriko Crossover
,4:23,
,4:04,
,4:23,
,4:22,
,3:36,
,4:11,
,5:37,
,3:43,
,5:10,
,4:48,
,5:38,
,3:36,
,5:38,
,5:10,
,5:46,
,4:45,
,5:16,
,5:52,
,4:22,
,4:36,
,6:19,
,5:28,
,4:57,
,4:40,
,5:29,
,4:24,
,4:08,
,4:17,
,5:18,
,4:50,
,4:04,
,4:37,
,3:25,
,4:03,
,4:38,
,4:36,
,5:06,
,5:19,
,3:59,
,4:52,
,4:17,
,5:08,
,3:56,
,5:12,
,5:33,
,4:48,
,4:15,
1:30,4:18,crossover special
,4:34,
,5:22,
,4:42,
,3:37,
,3:42,
,5:01,
,4:39,
,4:31,
,3:47,
,4:18,
,4:20,
,5:14,
,3:59,
,4:49,
,5:21,
,4:47,
,6:48,
,5:24,
,4:03,
,4:54,
,3:54,
,4:31,
,5:07,
,4:29,
,4:38,
,4:04,
,4:19,
,4:57,
,4:19,
,5:06,
,5:13,
,3:46,
5:38,4:34,
,4:46,
,4:45,
,3:59,
,4:15,
,3:47,
,3:50,
,3:29,
,5:50,
,3:40,
,4:46,
,4:16,
,4:38,
,5:07,
,4:58,
,5:03,
,4:36,
,4:23,
,4:50,
,5:29,
,3:54,
,4:00,
,4:10,
,4:01,
,3:34,
,6:29,
,5:01,
,4:48,
,3:45,
,3:44,
,4:29,
,5:15,
,4:56,
,5:33,
,4:20,
,3:42,
,3:53,
,5:08,
,5:03,
,5:29,
,3:52,
,4:34,
,3:51,
,5:22,
,5:00,
,5:27,
,4:33,
,5:00,
,5:50,
4:17,3:46,
,5:31,
,4:51,
,3:25,
,5:07,
6:00,4:52,
,5:06,
6:18,5:00,
,5:20,
,3:59,
,5:53,
,5:06,
,4:17,
,4:20,
,5:09,
,5:06,
,5:07,
,5:13,
,4:00,
,5:00,
,4:27,
,3:56,
,4:45,
,6:21,
,6:00,
,5:17,
,5:33,
,4:34,
,7:00,
,3:40,
,5:00,
,4:16,
,4:42,
,4:55,
,5:13,
,5:43,
,5:55,
,4:24,
,4:14,
,5:22,
,6:08,
,5:52,
,4:10,
,5:06,
,4:42,
,5:39,
,5:12,
,5:08,
,5:26,
,6:14,
,5:48,
4:52,5:16,
,5:14,
,6:53,
,5:31,
,5:26,
,6:59,
,5:59,
,5:03,
,5:19,
,5:03,
,6:05,
,5:43,
,5:10,
,5:39,
,3:51,
,4:26,
,3:55,
,4:17,
,5:31,
,4:15,
,5:25,
,3:51,
,4:38,
,4:43,
3:28,6:51,Filler
,4:17,Filler
,5:11,Filler
,5:51,Filler
,4:39,recap till 17:15
,3:54,
,4:01,
,5:12,
,5:25,
,4:20,
,5:11,
,6:13,
,6:33,
,5:59,
,4:53,
,5:06,
,5:28,
,5:46,
,6:02,
,4:45,
,4:14,
,5:13,
,5:41,
,4:48,
,5:25,
,5:31,
,6:52,
,4:31,
4:06,4:39,
,5:26,
,4:20,recap ends 15:28
,4:17,recap ends 15:56
,5:12,
3:56,5:50,Filler
,5:17,Filler
,4:23,Filler
,4:45,
,5:49,
,5:23,
,5:08,
,4:56,
,5:49,
,4:59,
,5:09,
,6:03,
,5:46,
,5:19,
,4:59,
,4:45,
4:14,6:00,
,5:25,
,5:52,
,5:14,
,5:00,
,4:34,resumes 21:54
,5:14,
,5:30,
,3:35,
,3:29,
,4:20,
,6:41,
8:54,4:50,
,3:54,
,4:38,
,4:27,
,4:12,
,4:02,
,5:18,
,4:26,
,3:43,
,3:56,
,4:15,
,4:03,
,4:03,
,4:06,
,3:40,
,3:47,
,4:09,
1:45,7:47,
,4:19,
3:15,1:47,6:43 post intro
,3:41,
,3:31,
,3:20,
,3:43,
,4:46,
,4:00,
,3:19,
,5:02,
,3:18,
,3:55,
,4:18,
,3:32,
,3:26,
,4:35,
,4:01,
,4:04,
,4:32,
,4:25,
,4:31,
,3:53,
,3:56,
,3:33,
,4:26,
,4:04,
0:46,5:26,
,4:44,
,4:12,
,3:46,
,3:44,
5:05,4:00,
,3:48,
,4:05,
,3:24,
,4:06,
,3:45,
,3:57,
,4:40,
,4:45,
,4:13,
,3:42,
,3:28,
,5:09,
,4:20,
,3:21,
,4:09,
,3:30,
,4:16,
,3:13,
,3:57,
,2:49,
15:18,2:45,recap episode till 15:18
,3:33,
,3:33,
,3:37,
,3:34,
,3:33,
,3:33,
,3:32,
,3:31,
,3:32,
,3:33,
,3:32,
,3:33,
,2:42,
,2:58,
3:08,4:12,
,3:10,
,2:51,Filler
,3:19,Filler
3:10,3:27,
,3:11,
,3:18,
,3:09,
,3:44,
,4:19,
,4:11,
,4:29,
,3:40,
,4:56,
,2:35,Filler
,4:14,
,3:02,
3:06,4:00,
,3:11,
,3:26,
,3:04,
,3:24,
,4:41,
,3:00,
,3:33,
3:47,5:04,
,3:49,
,3:13,
,3:21,
,3:00,
,2:45,
,3:58,
,4:52,
,3:02,
,3:55,
,5:05,
,2:43,
,5:10,
,3:06,
,4:20,
,3:25,
,4:05,
,3:25,
,2:42,
,2:47,
2:40,4:00,
,4:09,
,4:06,
,3:39,
,3:39,
,4:10,
,3:46,
,2:44,
6:14,3:56,
,4:21,
,4:13,
,4:36,
,2:36,
,3:09,
,2:36,
,3:16,
2:36,3:31,
,4:44,
,3:22,
3:16,4:26,
,5:29,
2:11,7:05,
,2:41,
,3:15,
,2:30,
2:27,5:35,
,2:14,
,2:46,
,4:30,
,3:00,
,4:20,
,2:38,
,2:52,
2:11,4:22,
,3:24,
,4:28,
,2:56,
,2:12,
,2:44,
,3:44,
,3:40,
,5:09,
,3:08,
,3:25,
,2:55,
,4:08,
,2:43,
,3:41,
,3:36,
,2:26,
,4:14,
,2:12,
,5:54,
,3:38,
,3:10,
,3:31,
,2:11,
2:10,6:11,
,2:46,
,5:04,
,3:13,
,4:17,
,2:06,"Special intro 1000 episodes, should watch"
,4:53,
,4:04,
,3:48,
,2:57,
,5:23,
,4:25,
,4:31,
,4:33,
,2:31,
2:11,5:26,
,3:35,
,4:42,
,2:12,
,3:07,
,2:10,
,3:30,
,4:06,
,4:28,
,4:10,
,4:54,
,3:43,
,2:59,
3:50,4:46,"No longer recap episode, was changed to normal episode."
,2:42,
,4:25,
,4:39,
,5:11,
,2:32,
,2:11,Movie associated technically filler
,2:12,Movie filler
2:10,4:29,
,5:23,
,2:31,
,2:45,
,3:28,
,2:30,
,4:34,
,3:44,
,3:34,
,4:53,
,5:32,
,3:38,
,3:51,
,2:11,
5:12,5:42,
,4:08,
,2:11,
,3:15,
,4:12,
,3:30,
,3:17,
,4:37,
,2:52,
,3:20,
,3:20,
,3:56,
,3:43,
,4:47,
,4:18,
,4:13,
,2:12,
,3:23,
,4:37,
,3:27,
,3:57,
2:10,4:21,
,4:18,
,3:35,
,5:15,
,2:12,
,1:50,
,3:57,
,3:38,
,2:58,
,1:41,
,2:41,
1:41,3:09,
,2:02,
,1:42,
,1:42,
1:42,3:55,
2:47,4:26,
,1:42,
,1:42,
,1:42,
,2:17,
,1:43,
1:40,2:13,
,1:40,
,2:32,
,1:41,
,3:29,
,1:57,
,2:09,
,2:04,
,2:11,
,1:42,
,4:18,
,3:36,
,1:41,
,1:41,
,1:42,
,2:27,
,3:37,
,1:41,